<?xml version='1.0' encoding='ISO-8859-1'  ?>


<index version="1.0">
<indexitem target="./functions/help/COM_CloseNXT.html">COM_CloseNXT</indexitem>
<indexitem target="./functions/help/COM_CollectPacket.html">COM_CollectPacket</indexitem>
<indexitem target="./functions/help/COM_CreatePacket.html">COM_CreatePacket</indexitem>
<indexitem target="./functions/help/COM_GetDefaultNXT.html">COM_GetDefaultNXT</indexitem>
<indexitem target="./functions/help/COM_MakeBTConfigFile.html">COM_MakeBTConfigFile</indexitem>
<indexitem target="./functions/help/COM_OpenNXT.html">COM_OpenNXT</indexitem>
<indexitem target="./functions/help/COM_OpenNXTEx.html">COM_OpenNXTEx</indexitem>
<indexitem target="./functions/help/COM_ReadI2C.html">COM_ReadI2C</indexitem>
<indexitem target="./functions/help/COM_SendPacket.html">COM_SendPacket</indexitem>
<indexitem target="./functions/help/COM_SetDefaultNXT.html">COM_SetDefaultNXT</indexitem>
<indexitem target="./functions/help/CalibrateColor.html">CalibrateColor</indexitem>
<indexitem target="./functions/help/CalibrateCompass.html">CalibrateCompass</indexitem>
<indexitem target="./functions/help/CalibrateEOPD.html">CalibrateEOPD</indexitem>
<indexitem target="./functions/help/CalibrateGyro.html">CalibrateGyro</indexitem>
<indexitem target="./functions/help/CloseSensor.html">CloseSensor</indexitem>
<indexitem target="./functions/help/Contents.html">Contents</indexitem>
<indexitem target="./functions/help/DebugMode.html">DebugMode</indexitem>
<indexitem target="./functions/help/DirectMotorCommand.html">DirectMotorCommand</indexitem>
<indexitem target="./functions/help/GetAccelerator.html">GetAccelerator</indexitem>
<indexitem target="./functions/help/GetColor.html">GetColor</indexitem>
<indexitem target="./functions/help/GetCompass.html">GetCompass</indexitem>
<indexitem target="./functions/help/GetEOPD.html">GetEOPD</indexitem>
<indexitem target="./functions/help/GetGyro.html">GetGyro</indexitem>
<indexitem target="./functions/help/GetInfrared.html">GetInfrared</indexitem>
<indexitem target="./functions/help/GetLight.html">GetLight</indexitem>
<indexitem target="./functions/help/GetNXT2Color.html">GetNXT2Color</indexitem>
<indexitem target="./functions/help/GetRFID.html">GetRFID</indexitem>
<indexitem target="./functions/help/GetSound.html">GetSound</indexitem>
<indexitem target="./functions/help/GetSwitch.html">GetSwitch</indexitem>
<indexitem target="./functions/help/GetUltrasonic.html">GetUltrasonic</indexitem>
<indexitem target="./functions/help/MAP_GetCommModule.html">MAP_GetCommModule</indexitem>
<indexitem target="./functions/help/MAP_GetInputModule.html">MAP_GetInputModule</indexitem>
<indexitem target="./functions/help/MAP_GetOutputModule.html">MAP_GetOutputModule</indexitem>
<indexitem target="./functions/help/MAP_GetSoundModule.html">MAP_GetSoundModule</indexitem>
<indexitem target="./functions/help/MAP_GetUIModule.html">MAP_GetUIModule</indexitem>
<indexitem target="./functions/help/MAP_SetOutputModule.html">MAP_SetOutputModule</indexitem>
<indexitem target="./functions/help/MOTOR_A.html">MOTOR_A</indexitem>
<indexitem target="./functions/help/MOTOR_B.html">MOTOR_B</indexitem>
<indexitem target="./functions/help/MOTOR_C.html">MOTOR_C</indexitem>
<indexitem target="./functions/help/NXC_GetSensorMotorData.html">NXC_GetSensorMotorData</indexitem>
<indexitem target="./functions/help/NXC_MotorControl.html">NXC_MotorControl</indexitem>
<indexitem target="./functions/help/NXC_ResetErrorCorrection.html">NXC_ResetErrorCorrection</indexitem>
<indexitem target="./functions/help/NXTMotor.html">NXTMotor</indexitem>
<indexitem target="./functions/help/NXT_GetBatteryLevel.html">NXT_GetBatteryLevel</indexitem>
<indexitem target="./functions/help/NXT_GetCurrentProgramName.html">NXT_GetCurrentProgramName</indexitem>
<indexitem target="./functions/help/NXT_GetFirmwareVersion.html">NXT_GetFirmwareVersion</indexitem>
<indexitem target="./functions/help/NXT_GetInputValues.html">NXT_GetInputValues</indexitem>
<indexitem target="./functions/help/NXT_GetOutputState.html">NXT_GetOutputState</indexitem>
<indexitem target="./functions/help/NXT_LSGetStatus.html">NXT_LSGetStatus</indexitem>
<indexitem target="./functions/help/NXT_LSRead.html">NXT_LSRead</indexitem>
<indexitem target="./functions/help/NXT_LSWrite.html">NXT_LSWrite</indexitem>
<indexitem target="./functions/help/NXT_MessageRead.html">NXT_MessageRead</indexitem>
<indexitem target="./functions/help/NXT_MessageWrite.html">NXT_MessageWrite</indexitem>
<indexitem target="./functions/help/NXT_PlaySoundFile.html">NXT_PlaySoundFile</indexitem>
<indexitem target="./functions/help/NXT_PlayTone.html">NXT_PlayTone</indexitem>
<indexitem target="./functions/help/NXT_ReadIOMap.html">NXT_ReadIOMap</indexitem>
<indexitem target="./functions/help/NXT_ResetInputScaledValue.html">NXT_ResetInputScaledValue</indexitem>
<indexitem target="./functions/help/NXT_ResetMotorPosition.html">NXT_ResetMotorPosition</indexitem>
<indexitem target="./functions/help/NXT_SendKeepAlive.html">NXT_SendKeepAlive</indexitem>
<indexitem target="./functions/help/NXT_SetBrickName.html">NXT_SetBrickName</indexitem>
<indexitem target="./functions/help/NXT_SetInputMode.html">NXT_SetInputMode</indexitem>
<indexitem target="./functions/help/NXT_SetOutputState.html">NXT_SetOutputState</indexitem>
<indexitem target="./functions/help/NXT_StartProgram.html">NXT_StartProgram</indexitem>
<indexitem target="./functions/help/NXT_StopProgram.html">NXT_StopProgram</indexitem>
<indexitem target="./functions/help/NXT_StopSoundPlayback.html">NXT_StopSoundPlayback</indexitem>
<indexitem target="./functions/help/NXT_WriteIOMap.html">NXT_WriteIOMap</indexitem>
<indexitem target="./functions/help/OpenAccelerator.html">OpenAccelerator</indexitem>
<indexitem target="./functions/help/OpenColor.html">OpenColor</indexitem>
<indexitem target="./functions/help/OpenCompass.html">OpenCompass</indexitem>
<indexitem target="./functions/help/OpenEOPD.html">OpenEOPD</indexitem>
<indexitem target="./functions/help/OpenGyro.html">OpenGyro</indexitem>
<indexitem target="./functions/help/OpenInfrared.html">OpenInfrared</indexitem>
<indexitem target="./functions/help/OpenLight.html">OpenLight</indexitem>
<indexitem target="./functions/help/OpenNXT2Color.html">OpenNXT2Color</indexitem>
<indexitem target="./functions/help/OpenRFID.html">OpenRFID</indexitem>
<indexitem target="./functions/help/OpenSound.html">OpenSound</indexitem>
<indexitem target="./functions/help/OpenSwitch.html">OpenSwitch</indexitem>
<indexitem target="./functions/help/OpenUltrasonic.html">OpenUltrasonic</indexitem>
<indexitem target="./functions/help/OptimizeToolboxPerformance.html">OptimizeToolboxPerformance</indexitem>
<indexitem target="./functions/help/ReadFromNXT.html">ReadFromNXT</indexitem>
<indexitem target="./functions/help/ResetPosition.html">ResetPosition</indexitem>
<indexitem target="./functions/help/SENSOR_1.html">SENSOR_1</indexitem>
<indexitem target="./functions/help/SENSOR_2.html">SENSOR_2</indexitem>
<indexitem target="./functions/help/SENSOR_3.html">SENSOR_3</indexitem>
<indexitem target="./functions/help/SENSOR_4.html">SENSOR_4</indexitem>
<indexitem target="./functions/help/SendToNXT.html">SendToNXT</indexitem>
<indexitem target="./functions/help/Stop.html">Stop</indexitem>
<indexitem target="./functions/help/StopMotor.html">StopMotor</indexitem>
<indexitem target="./functions/help/SwitchLamp.html">SwitchLamp</indexitem>
<indexitem target="./functions/help/USGetSnapshotResults.html">USGetSnapshotResults</indexitem>
<indexitem target="./functions/help/USMakeSnapshot.html">USMakeSnapshot</indexitem>
<indexitem target="./functions/help/WaitFor.html">WaitFor</indexitem>
<indexitem target="./functions/help/checkStatusByte.html">checkStatusByte</indexitem>
<indexitem target="./functions/help/display.html">display</indexitem>
<indexitem target="./functions/help/readFromIniFile.html">readFromIniFile</indexitem>
<indexitem target="./functions/help/textOut.html">textOut</indexitem>
</index>